# jubarte convert baseline (398 set), jubarte 0.9.0, 2026-09-05
# mean Jaccard 53.10, median 43.50, n=398
# ratchet: row drop >1.0 or mean drop >0.2 is a regression (planning/plan.md)
stem	jaccard	ssim	text_boundary
source__1_5_line_spacing_id_paraid_overflow	85.3066	99.5281	100.0000
source__24_id_paraid_overflow	90.6667	98.3515	100.0000
source__I_am_sharing_Microsoft_Word_vs_Google_Docs_Comprehensive_Proof_with_you	27.6140	58.8505	69.5122
source__Redline_CiceroDo_v_plate_30	8.0742	21.1927	26.0000
source__Strict01	43.4967	56.1413	29.9270
source__alternate_content	17.4122	20.0804	0.0000
source__anchor_images	14.3284	20.7520	5.2632
source__blue_bold_centered_demo_id_paraid_overflow	95.1270	98.9192	100.0000
source__blue_centered_title_demo_style_default_missing	27.6664	55.0238	100.0000
source__blue_italic_text_demo_id_paraid_overflow	94.4213	98.8997	100.0000
source__blue_underline_combo_demo_id_paraid_overflow	80.7358	94.2862	100.0000
source__bold_and_italic_combo_style_default_missing	98.5379	99.7055	100.0000
source__bold_and_underline_combo_id_paraid_overflow	78.6904	94.3060	100.0000
source__bold_italic_combined_demo_id_paraid_overflow	97.3313	99.4039	100.0000
source__bold_italic_underline_demo_id_paraid_overflow	77.6476	94.5721	100.0000
source__bold_red_text_combo_id_paraid_overflow	95.7415	98.9740	100.0000
source__bold_superscript_demo_style_default_missing	44.9509	44.5907	100.0000
source__bold_text_formatting_demo_id_paraid_overflow	96.0619	99.0871	100.0000
source__bold_text_formatting_demo_id_paraid_overflow_2	97.6584	99.4337	100.0000
source__bold_underline_combined_demo_id_paraid_overflow	77.2905	94.0961	100.0000
source__bold_underline_highlight_demo_id_paraid_overflow	77.6558	94.2891	100.0000
source__book_catalog_id_paraid_overflow	57.3431	68.5671	33.3333
source__book_catalog_table	13.2670	71.4115	100.0000
source__budget_report_q1_2026_suggesting_insertions	96.2970	98.8938	100.0000
source__bullet_list_bold_demo_id_paraid_overflow	96.0198	99.0422	100.0000
source__bullet_list_demo_id_paraid_overflow	22.5336	36.0401	20.0000
source__calibri_bold_italic_demo_id_paraid_overflow	26.6259	32.2962	100.0000
source__calibri_font_demo_id_paraid_overflow	19.2477	27.0789	100.0000
source__calibri_font_demo_id_paraid_overflow_2	19.2900	26.9580	100.0000
source__calibri_heading_2_right_id_paraid_overflow	25.3575	30.2221	100.0000
source__center_aligned_bold_text_id_paraid_overflow	97.7120	99.5762	100.0000
source__center_alignment_demo_id_paraid_overflow	96.2053	99.1225	100.0000
source__center_alignment_demo_id_paraid_overflow_2	96.0490	99.1764	100.0000
source__center_bold_demo_id_paraid_overflow	94.1763	98.3848	100.0000
source__clear_formatting_demo_id_paraid_overflow	97.3227	99.3385	100.0000
source__comments	100.0000	100.0000	100.0000
source__complex_style_attr	3.2741	10.8874	100.0000
source__contract_review_suggesting_insertions	14.7496	72.9508	100.0000
source__contract_review_suggesting_mixed_edits	31.2510	47.3790	33.3333
source__customer_satisfaction_survey_q4_suggesting_insertions	96.6609	98.7742	100.0000
source__document_100_ultimate_demo_id_paraid_overflow	35.9896	84.9779	100.0000
source__docx_lots_of_comments	31.6088	68.2105	79.4355
source__docx_lots_of_comments_addition	29.4976	63.0842	58.1871
source__docx_lots_of_comments_addition_redline	29.4976	63.0842	58.1871
source__docx_lots_of_comments_addition_redline_addition_v_removal	29.2922	62.4783	58.1871
source__docx_lots_of_comments_addition_removal	29.5382	62.9998	58.1871
source__docx_lots_of_comments_addition_removal_redline	29.4976	63.0842	58.1871
source__docx_lots_of_comments_addition_removal_redline_removal_v_addition	28.3970	64.0505	34.4648
source__double_spacing_bold_demo_id_paraid_overflow	95.2624	98.6690	100.0000
source__eigenpal_docx_editor_suggesting_mixed_edits	17.8746	41.5474	37.5000
source__eigenpal_docx_editor_suggesting_mixed_edits_2	19.1905	48.4591	97.5000
source__employee_directory_table	13.7251	72.4963	100.0000
source__employee_directory_table_2	13.2971	68.6030	100.0000
source__employee_review_john_smith_suggesting_insertions	95.9887	98.8270	100.0000
source__endnotes_sample	7.6232	15.3362	0.0000
source__font_color_blue_demo_style_default_missing	94.7325	99.1961	100.0000
source__font_color_demo_style_default_missing	98.0426	99.6416	100.0000
source__font_family_demo_id_paraid_overflow	6.9540	21.3437	100.0000
source__font_size_12_demo_id_paraid_overflow	99.4443	99.6815	100.0000
source__font_size_18_demo_style_default_missing	86.3504	93.8584	100.0000
source__font_size_24_demo_id_paraid_overflow	92.4834	97.0412	100.0000
source__font_size_demo_id_paraid_overflow	90.9067	96.5164	100.0000
source__footnotes_sample	12.6792	13.9622	0.0000
source__gdocs_comments_export	62.7641	99.0098	100.0000
source__green_bold_text_demo_id_paraid_overflow	92.0785	98.4094	100.0000
source__green_highlight_demo_id_paraid_overflow	96.4286	98.3741	100.0000
source__green_underline_bullet_list_id_paraid_overflow	83.1085	93.1167	100.0000
source__header_no_rels	76.9214	96.3844	100.0000
source__heading_1_bold_demo_id_paraid_overflow	41.6859	89.0417	100.0000
source__heading_1_style_demo_id_paraid_overflow	48.4085	96.2618	100.0000
source__heading_2_center_demo_id_paraid_overflow	40.4610	92.7849	100.0000
source__heading_2_style_demo_id_paraid_overflow	42.7226	94.5823	100.0000
source__heading_3_center_italic_id_paraid_overflow	54.5102	99.5192	100.0000
source__heading_3_style_demo_id_paraid_overflow	49.4575	99.7499	100.0000
source__heading_3_style_demo_id_paraid_overflow_2	55.9895	99.5174	100.0000
source__heading_4_right_italic_id_paraid_overflow	53.4727	99.9245	100.0000
source__heading_4_style_demo_id_paraid_overflow	52.6424	99.9953	100.0000
source__heading_4_style_demo_id_paraid_overflow_2	55.2166	99.9496	100.0000
source__helvetica_font_demo_style_default_missing	29.3360	97.4619	100.0000
source__hr_onboarding_checklist_table	16.4439	78.6984	100.0000
source__image_out_of_folder	48.7934	38.7643	36.3636
source__increase_indent_demo_id_paraid_overflow	97.4673	99.4124	100.0000
source__insert_link_demo_id_paraid_overflow	96.9212	99.3592	100.0000
source__inventory_list_suggesting_deletions	13.7394	74.3255	100.0000
source__inventory_list_suggesting_mixed_edits	67.4840	78.4149	0.0000
source__it_security_policy_v2_suggesting_insertions	96.4029	98.3259	100.0000
source__italic_and_underline_combo_style_default_missing	74.2930	93.7566	100.0000
source__italic_subscript_demo_style_default_missing	24.7984	38.7299	100.0000
source__italic_text_formatting_demo_id_paraid_overflow	98.0774	99.6235	100.0000
source__italic_text_formatting_demo_id_paraid_overflow_2	99.1016	99.8031	100.0000
source__italic_underline_combined_demo_id_paraid_overflow	74.1003	94.3668	100.0000
source__justified_underline_demo_id_paraid_overflow	96.3198	99.2249	100.0000
source__justify_alignment_demo_id_paraid_overflow	88.1976	96.2763	100.0000
source__justify_alignment_demo_id_paraid_overflow_2	94.8902	98.6635	100.0000
source__large_font_size_demo_id_paraid_overflow	78.7504	97.0639	100.0000
source__left_alignment_demo_id_paraid_overflow	96.4727	99.2208	100.0000
source__line_spacing_demo_id_paraid_overflow	85.4989	99.4679	100.0000
source__marketing_strategy_2026_suggesting_insertions	96.5697	99.0302	100.0000
source__mcdoc	68.2848	77.9897	100.0000
source__meeting_agenda_table	13.3850	70.9903	100.0000
source__meeting_agenda_table_2	13.8719	73.7218	100.0000
source__meeting_minutes_id_paraid_overflow	98.6467	99.7154	100.0000
source__meeting_minutes_suggesting_insertions	95.6913	97.8008	100.0000
source__multi_section	18.1372	28.8551	84.2105
source__nested_table_rowspan	1.7787	15.7062	0.0000
source__numbered_list_demo_id_paraid_overflow	27.9265	40.5209	20.0000
source__numbered_list_italic_demo_id_paraid_overflow	97.6145	99.4568	100.0000
source__numwords_fldsimple	62.0553	96.4007	100.0000
source__ole_object	43.4967	56.1413	29.9270
source__ooxml_style_link	4.2350	10.0470	91.3043
source__open_sans_bold_underline_id_paraid_overflow	13.4145	37.2521	100.0000
source__open_sans_font_demo_id_paraid_overflow	7.9604	22.9826	100.0000
source__open_sans_font_demo_id_paraid_overflow_2	8.4237	25.4950	100.0000
source__page_numbering_examples	18.1372	28.8551	84.2105
source__potpourritest	9.4791	24.0466	22.6804
source__product_roadmap_2026_suggesting_insertions	96.1565	98.3859	100.0000
source__project_plan_suggesting_insertions	96.3776	98.8538	100.0000
source__project_proposal_id_paraid_overflow	96.9300	99.2703	100.0000
source__project_proposal_suggesting_insertions	91.6843	96.9277	100.0000
source__project_tasks_suggesting_insertions	13.3181	71.6121	100.0000
source__project_tasks_suggesting_insertions_2	58.9740	71.5238	33.3333
source__q1_sales_summary_table	14.6756	74.0533	100.0000
source__q1_sales_summary_table_2	14.1483	71.1700	100.0000
source__quarterly_performance_report_table	14.9322	67.2062	100.0000
source__quarterly_performance_report_table_2	16.9915	77.0108	100.0000
source__red_bold_heading_demo_style_default_missing	42.4585	90.7770	100.0000
source__red_bold_text_demo_id_paraid_overflow	94.5922	98.7460	100.0000
source__red_heading_demo_id_paraid_overflow	41.6363	89.2112	100.0000
source__red_strikethrough_demo_style_default_missing	72.2090	88.8838	100.0000
source__right_align_bold_demo_id_paraid_overflow	94.3268	98.4072	100.0000
source__right_aligned_italic_demo_id_paraid_overflow	93.0963	98.3229	100.0000
source__right_alignment_demo_id_paraid_overflow	96.2331	99.0857	100.0000
source__right_alignment_demo_id_paraid_overflow_2	96.6554	99.1268	100.0000
source__risk_assessment_product_launch_suggesting_insertions	96.9581	98.9862	100.0000
source__roboto_font_demo_id_paraid_overflow	16.3477	37.7360	100.0000
source__roboto_font_demo_id_paraid_overflow_2	15.1651	35.6877	100.0000
source__roboto_underline_demo_id_paraid_overflow	16.5702	41.7837	100.0000
source__sales_report_january_2026_suggesting_insertions	97.0585	98.9835	100.0000
source__sample_document_afterword_repaired_word_repaired	17.8746	41.5474	37.5000
source__sample_document_really_repaired_word_repaired	17.8944	41.5863	37.5000
source__sample_document_word_repair_of_our_output_iter2_word_repaired	17.7978	41.8438	37.5000
source__sample_document_word_repair_of_our_output_iter2_word_repaired_2	10.3937	29.6778	47.2727
source__sample_document_word_repair_of_our_output_word_repaired	17.8944	41.5863	37.5000
source__sample_document_word_repair_of_our_output_word_repaired_2	13.2461	38.7550	64.9007
source__sd_2517_localized_heading_styles	9.6212	30.9981	20.8835
source__sectpr_headerref	25.4541	42.5317	63.6364
source__single_paragraph	95.8730	98.8463	100.0000
source__small_font_size_demo_id_paraid_overflow	75.3551	98.5955	100.0000
source__strict01_sdt_controls	43.4967	56.1413	29.9270
source__strikethrough_and_italic_combo_id_paraid_overflow	67.2614	88.3027	100.0000
source__strikethrough_bold_demo_id_paraid_overflow	77.3838	85.8248	100.0000
source__strikethrough_text_demo_id_paraid_overflow	98.2026	99.6211	100.0000
source__strikethrough_text_formatting_demo_id_paraid_overflow	67.5495	89.3222	100.0000
source__subscript_demo_id_paraid_overflow	24.3442	38.5167	100.0000
source__subscript_demo_style_default_missing	26.2281	42.3869	100.0000
source__subtitle_style_demo_id_paraid_overflow	28.6191	92.7231	100.0000
source__subtitle_style_demo_style_default_missing	25.9117	90.5325	100.0000
source__superscript_demo_id_paraid_overflow	34.7206	42.8390	100.0000
source__superscript_demo_id_paraid_overflow_2	31.1312	39.2176	100.0000
source__superscript_demo_style_default_missing	99.0566	99.8663	100.0000
source__support_tickets_summary_id_paraid_overflow	69.9136	79.6110	0.0000
source__support_tickets_table	13.8559	74.3058	100.0000
source__table_bookmark_end	7.4615	36.2678	89.2857
source__table_vmerge_colspan	1.9324	12.3661	100.0000
source__text_box	15.7858	32.3977	100.0000
source__text_highlight_demo_style_default_missing	98.3715	99.5379	100.0000
source__tiff_image	46.8711	65.9950	100.0000
source__times_new_roman_bold_id_paraid_overflow	13.6415	25.3291	100.0000
source__times_new_roman_font_id_paraid_overflow	9.7899	26.4723	100.0000
source__title_style_centered_demo_id_paraid_overflow	28.0174	52.3120	100.0000
source__title_style_demo_id_paraid_overflow	37.8107	60.6825	100.0000
source__title_style_demo_style_default_missing	26.7859	50.5648	100.0000
source__track_changes_editing_bullet_id_paraid_overflow	95.3175	98.6377	100.0000
source__track_changes_editing_strikethrough_id_paraid_overflow	68.9494	88.6634	100.0000
source__track_changes_suggesting_bold_id_paraid_overflow	94.0666	97.7090	100.0000
source__track_changes_suggesting_calibri_id_paraid_overflow	21.7172	33.7330	100.0000
source__track_changes_suggesting_center_id_paraid_overflow	71.8583	93.0388	100.0000
source__track_changes_suggesting_heading_id_paraid_overflow	36.6880	87.5003	100.0000
source__track_changes_suggesting_italic_id_paraid_overflow	96.6207	99.3019	100.0000
source__track_changes_suggesting_title_id_paraid_overflow	16.3550	35.4101	100.0000
source__training_materials_onboarding_program_suggesting_insertions	96.2577	98.8996	100.0000
source__underline_text_demo_id_paraid_overflow	98.8520	99.7582	100.0000
source__underline_text_formatting_demo_style_default_missing	74.2774	93.7244	100.0000
source__verdana_bold_large_font_id_paraid_overflow	27.3456	56.9402	100.0000
source__verdana_font_demo_id_paraid_overflow	28.6575	94.9356	100.0000
source__verdana_font_demo_id_paraid_overflow_2	28.6575	94.9356	100.0000
source__verdana_italic_centered_demo_id_paraid_overflow	27.9029	93.5094	100.0000
source__verdana_italic_centered_demo_id_paraid_overflow_2	27.9029	93.5094	100.0000
source__vfdsdfcacawesd_suggesting_mixed_edits	88.0303	95.5070	100.0000
source__word_clean_strict01	43.4920	56.2556	29.9270
source__word_tolerated_broken_media_rel	1.0216	2.9129	100.0000
source__word_tolerated_duplicate_ppr	38.4358	99.9942	100.0000
source__word_tolerated_misplaced_link	4.2350	10.0470	91.3043
source__word_tolerated_misplaced_pgsz	6.4004	20.7865	0.0000
source__word_tolerated_misplaced_uipriority	60.9269	92.4238	96.9697
source__word_tolerated_orphan_comment	3.9526	28.8054	0.0000
source__yellow_highlight_demo_id_paraid_overflow	94.4837	98.5410	100.0000
source__yellow_highlight_italic_demo_style_default_missing	94.0511	98.3067	100.0000
source__yellow_highlight_italic_demo_style_default_missing_2	94.0511	98.3067	100.0000
source_randomized__file_1	83.2387	94.8723	100.0000
source_randomized__file_10	92.6916	98.6393	100.0000
source_randomized__file_100	41.0081	56.0466	44.4444
source_randomized__file_101	6.9266	10.1907	100.0000
source_randomized__file_102	74.5380	94.4388	100.0000
source_randomized__file_103	17.9534	86.7807	100.0000
source_randomized__file_104	0.0000	2.2873	0.0000
source_randomized__file_105	93.5925	98.3456	100.0000
source_randomized__file_106	18.1218	86.5556	100.0000
source_randomized__file_107	94.3668	98.3856	100.0000
source_randomized__file_108	97.1145	98.8177	100.0000
source_randomized__file_109	25.1559	40.6960	100.0000
source_randomized__file_11	33.0104	43.1848	100.0000
source_randomized__file_110	92.2140	97.3387	100.0000
source_randomized__file_111	35.4377	74.6463	100.0000
source_randomized__file_112	95.5350	98.7406	100.0000
source_randomized__file_113	11.5585	29.0408	100.0000
source_randomized__file_114	67.0968	88.1483	100.0000
source_randomized__file_115	41.0192	56.0969	44.4444
source_randomized__file_116	96.4504	99.0839	100.0000
source_randomized__file_117	36.4528	76.1462	100.0000
source_randomized__file_118	60.3977	72.5284	50.0000
source_randomized__file_119	97.7722	99.5208	100.0000
source_randomized__file_12	11.4386	21.2993	100.0000
source_randomized__file_120	12.6210	42.3680	100.0000
source_randomized__file_121	94.6738	98.8670	100.0000
source_randomized__file_122	97.2909	99.4214	100.0000
source_randomized__file_123	94.3077	98.3984	100.0000
source_randomized__file_124	18.5813	91.9510	100.0000
source_randomized__file_125	98.8398	99.6756	100.0000
source_randomized__file_126	97.5863	99.4225	100.0000
source_randomized__file_127	96.5560	99.0460	100.0000
source_randomized__file_128	96.2168	98.5387	100.0000
source_randomized__file_129	74.2219	93.4650	100.0000
source_randomized__file_13	8.3390	25.5940	100.0000
source_randomized__file_130	70.0923	97.4279	100.0000
source_randomized__file_131	32.1614	68.3061	79.5181
source_randomized__file_132	95.3252	98.6551	100.0000
source_randomized__file_133	96.6631	98.4669	100.0000
source_randomized__file_134	8.8550	33.6420	92.8571
source_randomized__file_135	14.8760	52.7857	100.0000
source_randomized__file_136	99.0424	99.7589	100.0000
source_randomized__file_137	12.5921	26.3091	100.0000
source_randomized__file_138	97.3320	99.1377	100.0000
source_randomized__file_139	17.8421	66.9017	100.0000
source_randomized__file_14	12.8668	35.0733	39.5062
source_randomized__file_140	99.4750	99.7157	100.0000
source_randomized__file_141	17.5742	68.9778	100.0000
source_randomized__file_142	96.4105	99.1992	100.0000
source_randomized__file_143	12.9768	35.1691	39.5062
source_randomized__file_144	88.8331	96.1375	100.0000
source_randomized__file_145	10.9699	40.7945	100.0000
source_randomized__file_146	8.2713	26.9824	48.6486
source_randomized__file_147	77.8701	93.6408	100.0000
source_randomized__file_148	86.5018	99.5085	100.0000
source_randomized__file_149	96.2937	99.1404	100.0000
source_randomized__file_15	13.6861	67.7794	100.0000
source_randomized__file_150	97.2514	99.1238	100.0000
source_randomized__file_151	97.1711	99.2957	100.0000
source_randomized__file_152	98.5387	99.6701	100.0000
source_randomized__file_153	79.0774	96.8561	100.0000
source_randomized__file_154	98.3476	99.6851	100.0000
source_randomized__file_155	96.6784	99.3032	100.0000
source_randomized__file_156	96.2620	99.1082	100.0000
source_randomized__file_157	96.7366	98.6381	100.0000
source_randomized__file_158	99.0190	99.7633	100.0000
source_randomized__file_159	14.8072	30.8210	100.0000
source_randomized__file_16	29.7820	62.5546	58.3090
source_randomized__file_160	74.4647	93.7073	100.0000
source_randomized__file_161	96.4487	99.0513	100.0000
source_randomized__file_162	96.8081	99.1852	100.0000
source_randomized__file_163	7.2455	20.6721	100.0000
source_randomized__file_164	25.2925	42.2108	100.0000
source_randomized__file_165	17.8241	69.1127	100.0000
source_randomized__file_166	32.5802	73.9349	100.0000
source_randomized__file_167	98.2801	99.6223	100.0000
source_randomized__file_168	29.3343	85.7435	100.0000
source_randomized__file_169	77.3951	84.3736	100.0000
source_randomized__file_17	61.6337	74.1135	50.0000
source_randomized__file_170	12.1995	29.2413	22.3404
source_randomized__file_171	98.3362	99.6572	100.0000
source_randomized__file_172	62.6523	95.9907	100.0000
source_randomized__file_173	13.8942	68.0897	100.0000
source_randomized__file_174	51.3280	73.4992	100.0000
source_randomized__file_175	14.9101	39.5669	97.5309
source_randomized__file_176	11.1444	36.0233	65.7895
source_randomized__file_177	94.9364	98.5923	100.0000
source_randomized__file_178	26.8516	44.1281	100.0000
source_randomized__file_179	94.7031	98.5217	100.0000
source_randomized__file_18	20.1513	33.9994	100.0000
source_randomized__file_180	87.6362	94.5988	100.0000
source_randomized__file_181	95.2647	99.2182	100.0000
source_randomized__file_182	96.5227	99.0532	100.0000
source_randomized__file_183	95.4512	99.0301	100.0000
source_randomized__file_184	14.5666	36.4333	100.0000
source_randomized__file_185	41.0199	56.0971	44.4444
source_randomized__file_186	98.4266	99.6964	100.0000
source_randomized__file_187	18.1633	93.4941	100.0000
source_randomized__file_188	13.0696	35.2435	39.5062
source_randomized__file_189	69.0973	87.6091	100.0000
source_randomized__file_19	17.0287	51.1560	72.6415
source_randomized__file_190	23.8898	33.0666	100.0000
source_randomized__file_191	88.3341	95.5735	100.0000
source_randomized__file_192	100.0000	100.0000	100.0000
source_randomized__file_193	3.6709	17.4449	100.0000
source_randomized__file_194	33.2763	33.5906	0.0000
source_randomized__file_195	24.3335	71.2897	100.0000
source_randomized__file_196	41.0199	56.0971	44.4444
source_randomized__file_197	13.4780	20.5733	10.0000
source_randomized__file_198	18.5944	29.1984	100.0000
source_randomized__file_199	2.0055	28.6802	100.0000
source_randomized__file_2	4.0896	10.6493	70.9677
source_randomized__file_20	36.7325	45.7279	100.0000
source_randomized__file_21	95.9721	99.0594	100.0000
source_randomized__file_22	9.6311	31.0867	20.9956
source_randomized__file_23	22.9189	42.8237	100.0000
source_randomized__file_24	18.2874	93.4488	100.0000
source_randomized__file_25	95.0271	98.8194	100.0000
source_randomized__file_26	96.2505	98.7229	100.0000
source_randomized__file_27	28.8646	64.2566	34.6354
source_randomized__file_28	16.1617	27.0277	100.0000
source_randomized__file_29	3.8524	17.6454	100.0000
source_randomized__file_3	97.9031	99.5625	100.0000
source_randomized__file_30	4.9742	15.2845	100.0000
source_randomized__file_31	91.5434	96.9767	100.0000
source_randomized__file_32	78.8643	94.1705	100.0000
source_randomized__file_33	42.2660	84.2384	100.0000
source_randomized__file_34	62.4404	92.0694	97.0149
source_randomized__file_35	67.5190	87.6479	100.0000
source_randomized__file_36	18.7651	89.4346	100.0000
source_randomized__file_37	21.0587	93.1360	100.0000
source_randomized__file_38	96.2730	99.2046	100.0000
source_randomized__file_39	72.1879	82.5818	0.0000
source_randomized__file_4	3.8439	16.9720	100.0000
source_randomized__file_40	33.7524	73.2882	100.0000
source_randomized__file_41	4.1133	10.6880	70.9677
source_randomized__file_42	80.9823	93.3816	100.0000
source_randomized__file_43	72.1927	87.1995	100.0000
source_randomized__file_44	70.2553	80.1421	0.0000
source_randomized__file_45	98.0672	99.5510	100.0000
source_randomized__file_46	5.3140	21.2384	100.0000
source_randomized__file_47	1.5829	14.1560	0.0000
source_randomized__file_48	48.7934	38.7643	36.3636
source_randomized__file_49	74.8927	98.7062	100.0000
source_randomized__file_5	97.5027	99.4597	100.0000
source_randomized__file_50	17.4809	87.3744	100.0000
source_randomized__file_51	98.6255	99.6736	100.0000
source_randomized__file_52	22.9309	76.9424	100.0000
source_randomized__file_53	29.9781	63.1314	58.3090
source_randomized__file_54	86.1111	99.5438	100.0000
source_randomized__file_55	52.6989	99.9960	100.0000
source_randomized__file_56	46.5309	49.0495	100.0000
source_randomized__file_57	28.9565	97.4571	100.0000
source_randomized__file_58	18.8735	93.4194	100.0000
source_randomized__file_59	6.6962	19.9756	4.0000
source_randomized__file_6	29.9562	63.1192	58.3090
source_randomized__file_60	93.2030	97.5052	100.0000
source_randomized__file_61	16.6842	58.7636	100.0000
source_randomized__file_62	95.8842	98.4455	100.0000
source_randomized__file_63	34.3665	49.1975	50.0000
source_randomized__file_64	17.5191	54.4601	100.0000
source_randomized__file_65	15.9892	28.0718	100.0000
source_randomized__file_66	77.5659	93.2179	100.0000
source_randomized__file_67	77.9021	93.9251	100.0000
source_randomized__file_68	72.1361	92.5103	100.0000
source_randomized__file_69	12.8683	35.4495	39.5062
source_randomized__file_7	96.7403	99.2585	100.0000
source_randomized__file_70	8.4183	15.9726	0.0000
source_randomized__file_71	96.4286	97.6927	100.0000
source_randomized__file_72	98.9391	99.8380	100.0000
source_randomized__file_73	97.5182	99.4450	100.0000
source_randomized__file_74	29.9756	63.1245	58.3090
source_randomized__file_75	9.4256	29.0450	100.0000
source_randomized__file_76	18.3651	79.8770	100.0000
source_randomized__file_77	13.2139	39.6451	25.0000
source_randomized__file_78	12.8821	35.0637	39.5062
source_randomized__file_79	21.5454	93.1532	100.0000
source_randomized__file_8	28.8012	61.6289	70.0405
source_randomized__file_80	96.8198	99.2078	100.0000
source_randomized__file_81	14.4822	32.8366	100.0000
source_randomized__file_82	14.2943	32.2541	100.0000
source_randomized__file_83	26.8780	46.9317	66.6667
source_randomized__file_84	94.6357	98.5753	100.0000
source_randomized__file_85	97.7491	99.4890	100.0000
source_randomized__file_86	95.5494	98.7228	100.0000
source_randomized__file_87	19.1781	93.4725	100.0000
source_randomized__file_88	94.4482	97.9411	100.0000
source_randomized__file_89	40.9245	99.2629	100.0000
source_randomized__file_9	29.9960	63.0355	58.3090
source_randomized__file_90	18.1832	92.3853	100.0000
source_randomized__file_91	96.5679	99.2794	100.0000
source_randomized__file_92	15.9892	28.0714	100.0000
source_randomized__file_93	25.2528	74.0715	100.0000
source_randomized__file_94	14.7000	63.1430	100.0000
source_randomized__file_95	19.4012	31.1472	100.0000
source_randomized__file_96	16.5986	41.8680	100.0000
source_randomized__file_97	7.2980	24.2640	100.0000
source_randomized__file_98	18.7820	93.4282	100.0000
source_randomized__file_99	98.4482	99.5774	100.0000
