I_am_sharing_Microsoft_Word_vs_Google_Docs_Comprehensive_Proof_with_you_increase_indent_demo_id_paraid_overflow	L2-inventory	del:480v475 delInstrText:2v12 delText:236v238 pPrChange:0v1
I_am_sharing_Microsoft_Word_vs_Google_Docs_Comprehensive_Proof_with_you_increase_indent_demo_id_paraid_overflow	L3-histogram	only-ours=['hyperlink'] only-word=['avLst', 'cnfStyle', 'effectExtent', 'noProof', 'pPrChange']
blue_bold_centered_demo_id_paraid_overflow_blue_centered_title_demo_style_default_missing	L1-opseq	op[5] ours=ins:'Titlestylecentered' word=ins:'Titlestyle'
bold_text_formatting_demo_id_paraid_overflow_2_bold_text_formatting_demo_id_paraid_overflow	L3-histogram	only-ours=['bCs'] only-word=[]
book_catalog_id_paraid_overflow_book_catalog_table	L3-histogram	only-ours=['spacing'] only-word=[]
book_catalog_table_budget_report_q1_2026_suggesting_insertions	L2-inventory	pPrChange:0v1
book_catalog_table_budget_report_q1_2026_suggesting_insertions	L3-histogram	only-ours=[] only-word=['jc', 'pPrChange']
budget_report_q1_2026_suggesting_insertions_bullet_list_bold_demo_id_paraid_overflow	gt-invalid	Word GT fails reconstruction; excluded
bullet_list_demo_id_paraid_overflow_calibri_bold_italic_demo_id_paraid_overflow	L1-opseq	op[3] ours=ins:'ThisdocumentshowsCalibrifontwithboldandi' word=ins:'ThisdocumentshowsCalibrifontwithboldandi'
calibri_font_demo_id_paraid_overflow_calibri_heading_2_right_id_paraid_overflow	L1-opseq	op[9] ours=ins:'Thiscombinationcreatesadistinctiveprofes' word=ins:'Thiscombinationcreatesadistinctiveprofes'
center_alignment_demo_id_paraid_overflow_2_center_alignment_demo_id_paraid_overflow	L2-inventory	pPrChange:2v3
clear_formatting_demo_id_paraid_overflow_comments	S-rsid-leftover	1x rsid attributes remain
contract_review_suggesting_insertions_contract_review_suggesting_mixed_edits	gt-invalid	Word GT fails reconstruction; excluded
contract_review_suggesting_mixed_edits_customer_satisfaction_survey_q4_suggesting_insertions	gt-invalid	Word GT fails reconstruction; excluded
customer_satisfaction_survey_q4_suggesting_insertions_document_100_ultimate_demo_id_paraid_overflow	gt-invalid	Word GT fails reconstruction; excluded
document_100_ultimate_demo_id_paraid_overflow_docx_lots_of_comments_addition_redline_addition_v_removal	L1-opseq	op[0] ours=ins:'MicrosoftWordvs.GoogleDocsAcomprehensive' word=ins:'MicrosoftWordvs.GoogleDocsAcomprehensive'
docx_lots_of_comments_addition_docx_lots_of_comments	L2-inventory	del:167v168 delText:75v78 tblPrChange:12v0
docx_lots_of_comments_addition_docx_lots_of_comments	L3-histogram	only-ours=['rFonts', 'tblGridChange', 'tblPrChange'] only-word=[]
docx_lots_of_comments_addition_redline_addition_v_removal_docx_lots_of_comments_addition_redline	L1-opseq	op[2] ours=eq:'3.Capabilitymatrix:Wordhasalltheexpected' word=eq:'3.Capabilitymatrix:Wordhasalltheexpected'
docx_lots_of_comments_addition_redline_docx_lots_of_comments_addition_removal_redline_removal_v_addition	L0-modified	recon len 13787 vs src 13854
docx_lots_of_comments_addition_removal_docx_lots_of_comments_addition	L2-inventory	ins:53v54 tblPrChange:13v0
docx_lots_of_comments_addition_removal_docx_lots_of_comments_addition	L3-histogram	only-ours=['rFonts', 'tblGridChange', 'tblPrChange'] only-word=[]
docx_lots_of_comments_addition_removal_redline_docx_lots_of_comments_addition_removal	L1-opseq	op[1] ours=del:'Parity:real-timecoauthoring,comments,@me' word=del:'Parity:real-timecoauthoring,comments,@me'
docx_lots_of_comments_addition_removal_redline_removal_v_addition_docx_lots_of_comments_addition_removal_redline	L0-original	recon len 13787 vs src 13854
docx_lots_of_comments_double_spacing_bold_demo_id_paraid_overflow	L1-opseq	op[0] ours=ins:'DoubleSpacingBoldDemoThisdocumentdemonst' word=ins:'DoubleSpacingBoldDemoThis'
double_spacing_bold_demo_id_paraid_overflow_eigenpal_docx_editor_suggesting_mixed_edits	gt-invalid	Word GT fails reconstruction; excluded
eigenpal_docx_editor_suggesting_mixed_edits_employee_directory_table_2	gt-invalid	Word GT fails reconstruction; excluded
employee_directory_table_2_employee_directory_table	L2-inventory	tcPrChange:0v9 trPrChange:0v3
employee_directory_table_2_employee_directory_table	L3-histogram	only-ours=[] only-word=['tblPrExChange', 'tcPrChange', 'trPrChange']
employee_directory_table_employee_review_john_smith_suggesting_insertions	L2-inventory	pPrChange:0v1
employee_directory_table_employee_review_john_smith_suggesting_insertions	L3-histogram	only-ours=[] only-word=['jc', 'pPrChange']
employee_review_john_smith_suggesting_insertions_font_color_blue_demo_style_default_missing	L2-inventory	delText:6v7
font_color_demo_style_default_missing_font_family_demo_id_paraid_overflow	L1-opseq	op[10] ours=ins:'usesTimesNewRomanfont.Differentfontscrea' word=ins:'usesTimesNewRomanfont.Differentfontscrea'
font_family_demo_id_paraid_overflow_font_size_12_demo_id_paraid_overflow	L1-opseq	op[6] ours=ins:'size12pointtext' word=ins:'size12point'
font_size_18_demo_style_default_missing_font_size_24_demo_id_paraid_overflow	L1-opseq	op[4] ours=ins:'24.' word=ins:'24'
font_size_24_demo_id_paraid_overflow_font_size_demo_id_paraid_overflow	L1-opseq	op[3] ours=ins:'changes.' word=ins:'changes'
font_size_demo_id_paraid_overflow_footnotes_sample	S-rsid-leftover	1x rsid attributes remain
font_size_demo_id_paraid_overflow_green_bold_text_demo_id_paraid_overflow	L1-opseq	op[12] ours=ins:'signalspositiveoutcomesandsuccess' word=ins:'signalspositiveoutcomes'
gdocs_comments_export_green_bold_text_demo_id_paraid_overflow	L1-opseq	op[0] ours=ins:'GreenBoldTextDemoThisdocumentcombinesgre' word=ins:'GreenBoldTextDemoThis'
green_bold_text_demo_id_paraid_overflow_green_highlight_demo_id_paraid_overflow	L1-opseq	op[9] ours=eq:'.Green' word=eq:'.'
heading_2_style_demo_id_paraid_overflow_heading_3_center_italic_id_paraid_overflow	L2-inventory	pPrChange:1v2
heading_3_center_italic_id_paraid_overflow_heading_3_style_demo_id_paraid_overflow_2	L1-opseq	op[9] ours=ins:'Heading3providesathirdlevelofdocumenthie' word=ins:'Heading3providesathirdlevelofdocumenthie'
heading_3_style_demo_id_paraid_overflow_2_heading_3_style_demo_id_paraid_overflow	L2-inventory	pPrChange:1v0
heading_3_style_demo_id_paraid_overflow_2_heading_3_style_demo_id_paraid_overflow	L3-histogram	only-ours=['pPrChange'] only-word=[]
heading_4_style_demo_id_paraid_overflow_2_heading_4_style_demo_id_paraid_overflow	L2-inventory	pPrChange:1v0
heading_4_style_demo_id_paraid_overflow_2_heading_4_style_demo_id_paraid_overflow	L3-histogram	only-ours=['pPrChange'] only-word=[]
helvetica_font_demo_style_default_missing_hr_onboarding_checklist_table	L3-histogram	only-ours=['spacing'] only-word=[]
hr_onboarding_checklist_table_I_am_sharing_Microsoft_Word_vs_Google_Docs_Comprehensive_Proof_with_you	L1-opseq	op[3] ours=del:'StepTaskDone' word=del:'StepTaskDone1SignNDAYes2SetuplaptopNo'
insert_link_demo_id_paraid_overflow_inventory_list_suggesting_deletions	gt-invalid	Word GT fails reconstruction; excluded
inventory_list_suggesting_deletions_inventory_list_suggesting_mixed_edits	gt-invalid	Word GT fails reconstruction; excluded
inventory_list_suggesting_mixed_edits_it_security_policy_v2_suggesting_insertions	gt-invalid	Word GT fails reconstruction; excluded
it_security_policy_v2_suggesting_insertions_italic_and_underline_combo_style_default_missing	gt-invalid	Word GT fails reconstruction; excluded
italic_underline_combined_demo_id_paraid_overflow_justified_underline_demo_id_paraid_overflow	L1-opseq	op[8] ours=del:'.' word=del:'.Italicunderlinedtextisoftenused'
justified_underline_demo_id_paraid_overflow_justify_alignment_demo_id_paraid_overflow_2	L1-opseq	op[6] ours=ins:'.Justifiedtextspreadsevenlyacrossthefull' word=ins:'.Justifiedtextspreadsevenlyacrossthefull'
justify_alignment_demo_id_paraid_overflow_large_font_size_demo_id_paraid_overflow	L1-opseq	op[3] ours=ins:'large24ptfontsize.Largefontsaregreatfort' word=ins:'large24ptfontsize.Largefonts'
line_spacing_demo_id_paraid_overflow_marketing_strategy_2026_suggesting_insertions	L2-inventory	ins:13v15
marketing_strategy_2026_suggesting_insertions_meeting_agenda_table_2	L2-inventory	delText:7v9
marketing_strategy_2026_suggesting_insertions_meeting_agenda_table_2	L3-histogram	only-ours=['spacing'] only-word=[]
mcdoc_meeting_agenda_table_2	gt-invalid	Word GT fails reconstruction; excluded
meeting_agenda_table_2_meeting_agenda_table	L1-opseq	op[0] ours=eq:'MeetingAgendaTimeTopicPresenter9:00AMQ1R' word=eq:'MeetingAgendaTimeTopicPresenter9:00AMQ1R'
meeting_minutes_id_paraid_overflow_meeting_minutes_suggesting_insertions	L2-inventory	ins:2v5
meeting_minutes_suggesting_insertions_multi_section	gt-invalid	Word GT fails reconstruction; excluded
meeting_minutes_suggesting_insertions_numbered_list_demo_id_paraid_overflow	L2-inventory	del:8v9 delText:5v11
numbered_list_demo_id_paraid_overflow_numbered_list_italic_demo_id_paraid_overflow	L1-opseq	op[10] ours=eq:'item' word=del:'itemFourth'
numbered_list_italic_demo_id_paraid_overflow_numwords_fldsimple	L2-inventory	del:8v9 ins:16v13
numbered_list_italic_demo_id_paraid_overflow_numwords_fldsimple	L3-histogram	only-ours=['fldSimple'] only-word=['fldChar', 'instrText']
numbered_list_italic_demo_id_paraid_overflow_numwords_fldsimple	S-rsid-leftover	1x rsid attributes remain
numwords_fldsimple_ole_object	L0-modified	recon len 9647 vs src 0
numwords_fldsimple_ole_object	S-bare-wps-drawing	bare wps drawing (no AlternateContent/pict fallback)
ole_object_ooxml_style_link	L0-original	recon len 9647 vs src 0
ole_object_ooxml_style_link	S-bare-wps-drawing	bare wps drawing (no AlternateContent/pict fallback)
ooxml_style_link_open_sans_bold_underline_id_paraid_overflow	L2-inventory	delText:48v47
page_numbering_examples_potpourritest	gt-invalid	Word GT fails reconstruction; excluded
potpourritest_product_roadmap_2026_suggesting_insertions	gt-invalid	Word GT fails reconstruction; excluded
product_roadmap_2026_suggesting_insertions_project_plan_suggesting_insertions	gt-invalid	Word GT fails reconstruction; excluded
project_plan_suggesting_insertions_project_proposal_id_paraid_overflow	gt-invalid	Word GT fails reconstruction; excluded
project_proposal_suggesting_insertions_project_tasks_suggesting_insertions_2	gt-invalid	Word GT fails reconstruction; excluded
project_tasks_suggesting_insertions_2_project_tasks_suggesting_insertions	gt-invalid	Word GT fails reconstruction; excluded
project_tasks_suggesting_insertions_q1_sales_summary_table_2	gt-invalid	Word GT fails reconstruction; excluded
q1_sales_summary_table_2_q1_sales_summary_table	L2-inventory	tblPrChange:1v0
q1_sales_summary_table_2_q1_sales_summary_table	L3-histogram	only-ours=['spacing', 'tblGridChange', 'tblPrChange'] only-word=[]
q1_sales_summary_table_quarterly_performance_report_table_2	L1-opseq	op[3] ours=del:'Region' word=del:'RegionRevenue'
quarterly_performance_report_table_2_quarterly_performance_report_table	L2-inventory	pPrChange:1v0 tblPrChange:1v0
quarterly_performance_report_table_2_quarterly_performance_report_table	L3-histogram	only-ours=['pPrChange', 'spacing', 'tblGridChange', 'tblPrChange'] only-word=[]
quarterly_performance_report_table_red_bold_heading_demo_style_default_missing	L2-inventory	pPrChange:0v1
quarterly_performance_report_table_red_bold_heading_demo_style_default_missing	L3-histogram	only-ours=[] only-word=['pPrChange']
red_strikethrough_demo_style_default_missing_redline_cicerodo_v_plate_30	gt-invalid	Word GT fails reconstruction; excluded
redline_cicerodo_v_plate_30_right_align_bold_demo_id_paraid_overflow	gt-invalid	Word GT fails reconstruction; excluded
right_align_bold_demo_id_paraid_overflow_right_aligned_italic_demo_id_paraid_overflow	L1-opseq	op[10] ours=ins:'italic' word=ins:'italictextcreatesanelegantsignatureeffec'
right_alignment_demo_id_paraid_overflow_risk_assessment_product_launch_suggesting_insertions	L2-inventory	ins:15v17
risk_assessment_product_launch_suggesting_insertions_roboto_font_demo_id_paraid_overflow_2	gt-invalid	Word GT fails reconstruction; excluded
sales_report_january_2026_suggesting_insertions_sample_document_afterword_repaired_word_repaired	gt-invalid	Word GT fails reconstruction; excluded
sample_document_afterword_repaired_word_repaired_sample_document_really_repaired_word_repaired	L2-inventory	tblPrChange:6v1 tcPrChange:0v2 trPrChange:0v1
sample_document_afterword_repaired_word_repaired_sample_document_really_repaired_word_repaired	L3-histogram	only-ours=['tblPrEx', 'tblStyle'] only-word=['fldChar', 'gridBefore', 'gridSpan', 'ind', 'instrText', 'tcPrChange', 'trPr', 'trPrChange']
sample_document_really_repaired_word_repaired_sample_document_word_repair_of_our_output_iter2_word_repaired	gt-invalid	Word GT fails reconstruction; excluded
sample_document_word_repair_of_our_output_iter2_word_repaired_sample_document_word_repair_of_our_output_word_repaired	gt-invalid	Word GT fails reconstruction; excluded
sample_document_word_repair_of_our_output_word_repaired_sd_2517_localized_heading_styles	gt-invalid	Word GT fails reconstruction; excluded
sample_document_word_repair_of_our_output_word_repaired_small_font_size_demo_id_paraid_overflow	gt-invalid	Word GT fails reconstruction; excluded
sd_2517_localized_heading_styles_sectpr_headerref	L2-inventory	delInstrText:312v313 delText:1651v2352 ins:26v25
sd_2517_localized_heading_styles_sectpr_headerref	L3-histogram	only-ours=[] only-word=['anchorlock', 'lock']
sectpr_headerref_single_paragraph	L3-histogram	only-ours=['sz'] only-word=['anchorlock', 'lock', 'noProof']
sectpr_headerref_single_paragraph	S-rsid-leftover	1x rsid attributes remain
small_font_size_demo_id_paraid_overflow_strict01_sdt_controls	L0-modified	recon len 9647 vs src 0
small_font_size_demo_id_paraid_overflow_strict01_sdt_controls	S-bare-wps-drawing	bare wps drawing (no AlternateContent/pict fallback)
strict01_sdt_controls_strict01	L0-modified	recon len 9647 vs src 0
strict01_sdt_controls_strict01	L0-original	recon len 9647 vs src 0
strict01_strikethrough_and_italic_combo_id_paraid_overflow	L0-original	recon len 9647 vs src 0
strict01_strikethrough_and_italic_combo_id_paraid_overflow	S-bare-wps-drawing	bare wps drawing (no AlternateContent/pict fallback)
superscript_demo_id_paraid_overflow_superscript_demo_style_default_missing	L1-opseq	op[0] ours=eq:'SuperscriptDemoDemonstrating' word=eq:'SuperscriptDemoDemonstratingsuperscript'
superscript_demo_style_default_missing_support_tickets_table	L3-histogram	only-ours=['spacing'] only-word=[]
support_tickets_summary_id_paraid_overflow_support_tickets_table	L3-histogram	only-ours=['spacing'] only-word=[]
support_tickets_table_support_tickets_summary_id_paraid_overflow	L3-histogram	only-ours=['spacing'] only-word=[]
support_tickets_table_table_bookmark_end	L2-inventory	ins:182v184 tcPrChange:0v9 trPrChange:0v3
support_tickets_table_table_bookmark_end	L3-histogram	only-ours=[] only-word=['gridBefore', 'gridSpan', 'tblInd', 'tblPrEx', 'tblPrExChange', 'tcPrChange', 'trPrChange']
table_bookmark_end_table_vmerge_colspan	L1-opseq	op[10] ours=del:'Test2–FixedWidthTable(8.33in)R1C' word=del:'Test2–FixedWidthTable(8.33in)'
table_vmerge_colspan_text_box	L2-inventory	ins:2v6
table_vmerge_colspan_text_box	S-rsid-leftover	1x rsid attributes remain
text_highlight_demo_style_default_missing_tiff_image	L2-inventory	del:4v5
text_highlight_demo_style_default_missing_tiff_image	L3-histogram	only-ours=[] only-word=['cNvGraphicFramePr', 'effectExtent', 'noProof']
tiff_image_times_new_roman_bold_id_paraid_overflow	L1-opseq	op[0] ours=ins:'TimesNewRomanBoldItalicDemoThisdocuments' word=ins:'TimesNewRomanBoldItalicDemoThis'
times_new_roman_font_id_paraid_overflow_title_style_centered_demo_id_paraid_overflow	L1-opseq	op[2] ours=eq:'Demo' word=eq:'DemoThisdocument'
track_changes_editing_bullet_id_paraid_overflow_track_changes_editing_strikethrough_id_paraid_overflow	L2-inventory	del:7v8
track_changes_suggesting_italic_id_paraid_overflow_track_changes_suggesting_title_id_paraid_overflow	L1-opseq	op[3] ours=eq:'Demo' word=eq:'DemoThisdocumentcombinesSuggestingmodewi'
track_changes_suggesting_title_id_paraid_overflow_training_materials_onboarding_program_suggesting_insertions	L2-inventory	ins:13v15
training_materials_onboarding_program_suggesting_insertions_underline_text_demo_id_paraid_overflow	gt-invalid	Word GT fails reconstruction; excluded
verdana_bold_large_font_id_paraid_overflow_verdana_font_demo_id_paraid_overflow	L3-histogram	only-ours=[] only-word=['commentRangeEnd', 'commentRangeStart', 'commentReference', 'rStyle']
verdana_bold_large_font_id_paraid_overflow_verdana_font_demo_id_paraid_overflow_2	S-rsid-leftover	1x rsid attributes remain
verdana_bold_large_font_id_paraid_overflow_verdana_font_demo_id_paraid_overflow_2	gt-invalid	Word GT fails reconstruction; excluded
verdana_font_demo_id_paraid_overflow_2_verdana_font_demo_id_paraid_overflow	gt-invalid	Word GT fails reconstruction; excluded
verdana_font_demo_id_paraid_overflow_verdana_italic_centered_demo_id_paraid_overflow	L3-histogram	only-ours=[] only-word=['commentRangeEnd', 'commentRangeStart', 'commentReference', 'rStyle', 'sz', 'szCs']
verdana_italic_centered_demo_id_paraid_overflow_vfdsdfcacawesd_suggesting_mixed_edits	gt-invalid	Word GT fails reconstruction; excluded
verdana_italic_centered_demo_id_paraid_overflow_word_clean_strict01	L0-modified	recon len 9647 vs src 0
verdana_italic_centered_demo_id_paraid_overflow_word_clean_strict01	S-bare-wps-drawing	bare wps drawing (no AlternateContent/pict fallback)
vfdsdfcacawesd_suggesting_mixed_edits_yellow_highlight_demo_id_paraid_overflow	gt-invalid	Word GT fails reconstruction; excluded
word_clean_strict01_word_tolerated_broken_media_rel	L0-original	recon len 9647 vs src 0
word_clean_strict01_word_tolerated_broken_media_rel	S-bare-wps-drawing	bare wps drawing (no AlternateContent/pict fallback)
word_tolerated_broken_media_rel_word_tolerated_duplicate_ppr	L2-inventory	del:2v3 pPrChange:0v1
word_tolerated_broken_media_rel_word_tolerated_duplicate_ppr	L3-histogram	only-ours=[] only-word=['pPrChange']
word_tolerated_broken_media_rel_word_tolerated_duplicate_ppr	S-rsid-leftover	2x rsid attributes remain
word_tolerated_duplicate_ppr_word_tolerated_misplaced_link	L3-histogram	only-ours=[] only-word=['ind']
word_tolerated_misplaced_link_word_tolerated_misplaced_pgsz	L2-inventory	delText:48v47 pPrChange:0v1
word_tolerated_misplaced_link_word_tolerated_misplaced_pgsz	L3-histogram	only-ours=[] only-word=['pPrChange']
word_tolerated_misplaced_pgsz_word_tolerated_misplaced_uipriority	L2-inventory	pPrChange:2v1
word_tolerated_misplaced_pgsz_word_tolerated_misplaced_uipriority	L3-histogram	only-ours=['tblInd', 'tblLayout', 'tblStyle'] only-word=[]
word_tolerated_misplaced_uipriority_word_tolerated_orphan_comment	L3-histogram	only-ours=['tblInd', 'tblLayout', 'tblStyle'] only-word=['ind']
yellow_highlight_demo_id_paraid_overflow_yellow_highlight_italic_demo_style_default_missing	L1-opseq	op[9] ours=ins:'italic' word=ins:'italictextdrawsattentiontokeyquotations'
